project,session,instrument,frame,observer
AGBT22B_996,"[4, 3, 1, 6, 2, 5]",['Radar'],['VRAD-TOP'],['Evan Smith']
AGBT21B_316,"[22, 17, 16, 32, 20, 35, 24, 30, 31, 25, 19, 18, 15, 21, 33, 36, 27, 23, 26, 29, 34, 14, 28]","['VEGAS', 'DCR']","['VRAD-LSR', 'VRAD-TOP']",['Harshal Gupta']
AGBT23A_155,[1],[],[],[]
AGBT22B_204,"[3, 13, 15, 9, 8, 16, 25, 1, 14, 11, 5, 22, 12, 2, 21, 4, 19, 7, 23, 18, 26, 17, 10, 24, 6, 20]","['VEGAS', 'DCR']","['VRAD-LSR', 'VRAD-TOP']",['Jay Lockman']
AGBT22A_436,"[63, 72, 69, 55, 70, 56, 42, 38, 76, 37, 65, 73, 68, 67, 71, 46, 57, 48, 45, 53, 66, 51, 61, 40, 64, 74, 58, 39, 50, 54, 49, 43, 52, 41, 77, 44, 47, 60, 75]",[],[],[]
TRFI_052422,"[31, 32]",[],[],[]
TRFI_011023_K1,[0],[],[],[]
AGBT21B_261,"[23, 21, 37, 25, 27, 32, 29, 28, 38, 34, 30, 36, 39, 26, 24, 33, 22, 35, 31]",[],[],[]
TINT,"[20220913, 230414, 230422, 20220524, 221108, 20220511, 221212, 20220914, 221226, 230317, 20220628, 221120, 230815, 230306, 230404, 230719, 221116, 220922, 230309, 230517, 20220804, 230321, 221121, 20220803, 230222, 20220505, 230807, 221201, 221026, 230720, 230629, 230511, 230327, 230313, 20220712, 230420, 221118, 220923, 230505, 230713, 20220912, 230608, 221006, 230912, 20220921, 220926, 20220728, 230105, 230307, 230223, 221207, 20220713, 230724, 221129, 230314, 20220624, 221122, 221102, 221027, 230228, 20220729, 230811, 220929, 20220714, 221012, 230606, 221021, 230808, 20220718, 230112, 230308, 230712, 230403, 230215, 20220920, 230729, 20220616, 221110, 20220901, 230111, 220921, 230131, 230911, 220928, 230127, 20220915, 230802, 221019]","['DCR', 'VEGAS', 'DCR_AF']","['VRAD-TOP', 'VRAD-LSR', 'VOPT-LSR']","['Paul Marganian', 'Kathlyn Purcell', 'Joe Brandt']"
AGBT22B_213,"[8, 4, 2, 3, 6, 7, 10, 5, 1, 9]",[],[],[]
TGBT22A_607,"[2, 1]",[],[],[]
TRFI_030623_S1,[0],[],[],[]
TRFI_090923_L4,[0],[],[],[]
AGBT22A_339,"[32, 34, 27, 30, 28, 31, 25, 33, 26, 29, 24]",[],[],[]
AGBT22B_266,"[2, 1, 3, 4, 5]",['VEGAS'],['VRAD-TOP'],['Vladislav Kondratiev']
AGBT22A_398,"[8, 3, 6, 7, 4, 5, 2, 1]","['VEGAS', 'DCR']","['VRAD-LSR', 'VRAD-TOP']",['Prasanta Gorai']
AGBT22A_899,"[5, 12, 9, 7, 11, 13, 6, 8, 10]",[],[],[]
AGBT21B_372,"[14, 13, 12, 15, 11, 17, 16, 10]",['VEGAS'],['VRAD-TOP'],['Zhenzhao Tao']
AGBT23A_999,"[9, 30, 18, 15, 1, 21, 28, 2, 13, 5, 33, 6, 26, 11, 17, 19, 4, 7, 31, 14, 23, 25, 24, 20, 8, 3, 32, 22, 27, 10, 12, 16, 29]","['VEGAS', 'DCR']",['VRAD-TOP'],"['OPERATOR', 'Dave MacMahon', 'Bryan Brzycki']"
AGBT21B_996,"[220, 227, 307, 272, 132, 232, 319, 205, 270, 315, 166, 291, 230, 312, 215, 229, 207, 249, 189, 259, 322, 244, 237, 192, 321, 171, 239, 302, 139, 144, 198, 197, 208, 162, 228, 297, 293, 187, 275, 152, 156, 170, 311, 143, 183, 224, 233, 314, 289, 283, 148, 323, 193, 163, 240, 158, 213, 209, 274, 196, 287, 292, 174, 303, 255, 256, 200, 141, 246, 277, 154, 161, 253, 153, 186, 248, 280, 173, 318, 216, 199, 137, 164, 159, 282, 168, 155, 260, 317, 146, 269, 300, 279, 211, 142, 262, 309, 261, 264, 176, 223, 145, 241, 181, 316, 243, 226, 160, 236, 133, 234, 247, 177, 251, 313, 194, 273, 203, 204, 185, 165, 188, 301, 298, 214, 305, 135, 238, 320, 310, 325, 278, 306, 254, 212, 295, 308, 265, 324, 147, 276, 202, 219, 285, 190, 299, 195, 231, 131, 140, 294, 271, 134, 210, 201, 150, 258, 284, 167, 206, 179, 138, 182, 222, 257, 327, 225, 296, 286, 263, 304, 169, 281, 149, 252, 268, 178, 266, 180, 136, 245, 267, 250, 175, 326, 218, 242, 172, 157, 328, 288, 191, 151, 184, 235, 217, 290, 221]",['VEGAS'],['VRAD-TOP'],['OPERATOR']
TRFI_090923_L2,[0],[],[],[]
TGBT23A_609,"[11, 6, 7, 13, 8, 12, 3, 1, 10, 9, 4, 2, 5]",['VEGAS'],['VRAD-TOP'],['Ryan Lynch']
AGBT22A_999,"[45, 47, 34, 48, 31, 33, 30, 37, 40, 26, 42, 25, 43, 27, 24, 23, 32, 51, 38, 46, 44, 35, 36, 49, 50, 28, 29, 39]",[],[],[]
TRFI_110622_K1,[0],[],[],[]
AGBT22B_065,"[49, 50, 27, 1, 42, 3, 41, 2, 32, 38, 43, 44, 19, 25, 18, 36, 54, 12, 35, 22, 11, 31, 26, 20, 17, 7, 57, 37, 52, 23, 8, 10, 56, 13, 5, 28, 29, 15, 4, 48, 47, 46, 58, 9, 45, 30, 33, 6, 14, 39, 16, 24, 55, 53, 34, 40, 21, 51]","['VEGAS', 'DCR']","['VOPT-LSR', 'VRAD-TOP']","[""Karen O'Neil""]"
AGBT22A_493,"[3, 8, 4, 6, 2, 7, 1, 5, 9, 10]",['VEGAS'],['VRAD-TOP'],['Paul Ray']
AGBT22B_104,"[8, 6, 1, 2, 10, 3, 11, 5, 9, 4, 13, 7, 12]",[],[],[]
AGBT23A_318,"[6, 5, 4, 7, 2, 8, 3, 1]","['DCR', 'VEGAS']",['VRAD-TOP'],['Georgia Lowes']
AGBT22A_494,"[1, 6, 5, 2, 8, 3, 4, 7]",[],[],[]
AGBT22B_999,"[6, 21, 20, 1, 5, 32, 36, 18, 13, 15, 14, 44, 47, 26, 23, 17, 2, 19, 4, 41, 31, 8, 39, 46, 43, 25, 42, 7, 45, 22, 40, 29, 28, 27, 37, 38, 10, 3, 11, 34, 33, 35, 24, 12, 30, 9, 16]","['DCR', 'VEGAS']",['VRAD-TOP'],"['Dave MacMahon', 'OPERATOR']"
AGBT22A_399,"[4, 2, 3, 1]",[],[],[]
TRFI_090323_A1,[0],[],[],[]
AGBT23A_185,"[4, 5, 1, 7, 3, 6, 2]","['VEGAS', 'DCR']","['VRAD-LSR', 'VRAD-TOP']",['Ningyu Tang']
AGBT21B_210,"[132, 148, 145, 140, 128, 146, 150, 129, 137, 139, 134, 131, 147, 149, 142, 138, 144, 133, 143, 130, 141, 136, 135]",[],[],[]
TGBT23A_615,"[10, 17, 19, 2, 13, 7, 11, 4, 15, 14, 8, 12, 6, 9, 3, 1, 18, 16]","['VEGAS', 'DCR']","['VRAD-TOP', 'VRAD-LSR', 'VOPT-BAR']",['Ryan Lynch']
AGBT23A_245,"[1, 2, 3]",[],[],[]
AGBT22B_322,"[2, 1]",[],[],[]
TRFI_090323_U1,[0],[],[],[]
AGBT22A_437,"[29, 49, 70, 23, 80, 48, 39, 72, 55, 21, 31, 76, 74, 69, 34, 46, 44, 62, 15, 18, 16, 17, 67, 79, 59, 89, 42, 61, 63, 71, 64, 27, 45, 14, 51, 68, 43, 50, 77, 85, 32, 22, 60, 53, 40, 91, 30, 33, 26, 65, 88, 87, 84, 37, 83, 86, 19, 58, 52, 28, 78, 90, 75, 47, 25, 38, 35, 56, 57, 24, 66, 41, 73, 81, 20, 54, 82]","['DCR', 'VEGAS']","['VRAD-TOP', 'VELO-LSR']",['OPERATOR']
AGBT23A_419,"[1, 3, 2, 4]",[],[],[]
AGBT23A_364,"[4, 2, 3, 7, 1, 6, 5, 8]",['VEGAS'],['VRAD-TOP'],"['tyler, cohen', 'Paul Demorest']"
TRFI_052922,[81],[],[],[]
TSCAL_221027_Q,[0],[],[],[]
TRFI_011123_S2,[0],[],[],[]
AGBT22B_330,"[11, 17, 18, 14, 1, 20, 4, 13, 8, 2, 12, 16, 9, 10, 3, 15, 19, 7, 5, 6]",[],[],[]
TRFI_040423_W1,[0],['VEGAS'],['VRAD-LSR'],['OPERATOR']
AGBT22B_315,"[1, 2, 3, 5, 4]",['VEGAS'],['VRAD-TOP'],"['Ryan Lynch', 'Lei Zhang']"
TRFI_041123_A1,[0],['VEGAS'],['VRAD-TOP'],['OPERATOR']
AGBT23A_080,"[1, 3, 2]","['""DCR""', 'VEGAS']","['VRAD-TOP', 'VOPT-BAR']",['Mike Jones']
TRFI_032823_C1,[0],['VEGAS'],['VRAD-TOP'],['OPERATOR']
TRFI_012523_S1,[0],[],[],[]
AGBT22B_180,"[3, 4, 5, 1, 6, 2]",[],[],[]
TRFI_041123_K1,[0],"['""VEGAS""']",['VRAD-TOP'],['OPERATOR']
TRFI_052122_K1,[0],[],[],[]
TPTCSHOL,"[230511, 230708, 230629, 230720, 221025, 220517, 221021, 230705, 220518, 230719, 230516, 230717, 230614, 230823, 220524, 230727]","['CCB', 'DCR']",['VRAD-TOP'],['Pedro Salas']
AGBT22B_320,"[1, 3, 2]",[],[],[]
TRFI_083023_K2,[0],[],[],[]
TRFI_121322_C1,[0],[],[],[]
TSCI_BRENNE,"[1, 4, 3, 2, 5]",['VEGAS'],['VRAD-TOP'],['Brenne Gregory']
TRFI_012123_U1,[0],[],[],[]
AGBT22B_064,"[25, 24, 20, 23, 7, 14, 2, 11, 18, 22, 4, 1, 10, 21, 8, 3, 19, 9, 12, 13, 16, 6, 5, 17, 15]","['VEGAS', '""DCR""']","['VOPT-BAR', 'VRAD-TOP']",['Mike Jones']
TGBT22B_608,"[5, 1, 6, 9, 11, 13, 16, 15, 14, 18, 7, 4, 12, 17, 2, 3, 10, 8]",['VEGAS'],['VRAD-TOP'],['Ryan Lynch']
TRFI_022323_Q1,[0],[],[],[]
TRFI_040123_C1,[0],['VEGAS'],['VRAD-TOP'],['OPERATOR']
TRFI_080823_L1,[0],[],[],[]
TPTCSPNT,"[221208, 220829, 230504, 221011, 220821, 221028, 220808, 221207, 230710, 221012, 220701, 230421, 230505, 220825, 221021, 230714, 220620, 220813, 230420, 221206, 221022, 220826, 230605]","['DCR', 'CCB']",['VRAD-TOP'],['David Frayer']
JAPI,"[117, 108, 118, 111, 115, 113, 109, 0, 110, 107, 114, 112]",[],[],[]
TRFI_091123,"[81, 82]",[],[],[]
AGBT22A_504,"[9, 7, 5, 6, 1, 10, 4, 3, 8, 2]","['VEGAS', 'DCR', 'CCB']","['VRAD-LSR', 'VRAD-TOP']",['Anika Schmiedeke']
TRFI_120922_C1,[0],[],[],[]
TRFI_081923_L1,[0],[],[],[]
TRFI_090823_C1,[0],[],[],[]
TRFI_071823_C1,[0],[],[],[]
TRFI_082122_L1,[0],[],[],[]
AGBT22B_269,"[11, 16, 10, 8, 6, 14, 9, 12, 18, 13, 2, 17, 3, 4, 1, 7, 19, 15]","['DCR', 'VEGAS']",['VRAD-TOP'],['James McKee']
JSDW_Jan4,[22],[],[],[]
TRFI_040723_K2,[0],"['""VEGAS""']",['VRAD-TOP'],['OPERATOR']
TGBT22B_602,"[2, 4, 1, 3]",[],[],[]
AGBT22A_484,"[2, 1]",[],[],[]
TSCI_PEDRO,"[1, 4, 3, 5, 2, 2306]",[],[],[]
AGBT22A_486,"[1, 2]",[],[],[]
AGBT22B_354,"[29, 12, 17, 15, 13, 16, 26, 1, 21, 24, 25, 11, 27, 19, 23, 18, 28, 22, 20]","['VEGAS', 'DCR']","['VRAD-LSR', 'VRAD-TOP']",['Paul Fallon']
TRFI_051322,[31],[],[],[]
TGBT21B_508,"[13, 14]",[],[],[]
AGBT22A_434,"[61, 66, 32, 67, 50, 69, 65, 39, 56, 52, 38, 43, 54, 64, 68, 57, 37, 40, 53, 34, 47, 42, 44, 35, 33, 48, 55, 58, 62, 41, 49, 59, 70, 51, 36, 63, 46, 45, 60]",[],[],[]
TRFI_040623_C1,[0],['VEGAS'],['VRAD-TOP'],['OPERATOR']
TRFI_022623_K1,[0],[],[],[]
TLASSI_190622B,[0],[],[],[]
AGBT23A_288,"[4, 1, 3, 2]","['DCR_AF', 'VEGAS', 'DCR']","['VRAD-TOP', 'VRAD-LSR']","['simon, coude', 'Simon Coude']"
TRFI_121122_U1,[0],[],[],[]
AGBT23A_344,"[25, 7, 22, 46, 32, 45, 21, 13, 16, 43, 18, 29, 5, 39, 6, 28, 33, 27, 37, 10, 30, 35, 26, 4, 11, 44, 40, 36, 9, 8, 31, 23, 3, 42, 38, 20, 34, 12, 19, 17, 24, 14, 41, 15]","['DCR', '""VEGAS""']","['VRAD-TOP', 'VRAD-LSR']","['April Horton', 'Jo Vazquez']"
AGBT22A_110,"[4, 6, 3, 7, 1, 5, 8, 2]","['VEGAS', 'DCR']","['VRAD-LSR', 'VRAD-TOP']",['Steven Federman']
TGBT22B_610,"[12, 3, 20, 8, 4, 15, 2, 19, 11, 9, 0, 1, 5, 10, 13, 14, 7, 18, 16, 6, 17]","['DCR', 'VEGAS']","['VRAD-TOP', 'VRAD-LSR']","['Larry Morgan', 'Paul Marganian']"
AGBT22A_483,"[1, 2, 3, 4, 5]",[],[],[]
TGBT22B_607,"[4, 5, 3, 1, 6, 2]",[],[],[]
AGLST151135,"[17, 13, 1, 3, 12, 14, 11, 2, 8, 18, 16, 9, 4, 5, 15, 6, 7, 19, 10]",['VEGAS'],['VRAD-TOP'],"['Megan DeCesar', 'Julia Deneva']"
AGBT22B_290,"[10, 3, 5, 11, 7, 4, 9, 8, 2, 6, 1, 12]",['VEGAS'],['VRAD-TOP'],['Ryan Lynch']
AGBT22B_228,"[3, 1, 2]",[],[],[]
TRFI_111322_S1,[0],[],[],[]
TRFI_111722_K1,[0],[],[],[]
TRCO_230413_C,[0],"['""VEGAS""', 'DCR']",['VRAD-TOP'],['Pedro Salas']
TRFI_070622_S2,[0],[],[],[]
AGBT22B_289,"[3, 1, 6, 8, 5, 7, 2, 4]",[],[],[]
AGBT22B_344,"[4, 3, 1, 6, 2, 5]",[],[],[]
TRFI_102422_C1,[0],[],[],[]
TRFI_020123_L2,[0],[],[],[]
AGBT22A_475,"[2, 1]",[],[],[]
AGBT22A_354,"[6, 5]",[],[],[]
AGBT22B_030,"[1, 2, 8, 4, 5, 7, 6, 3]",[],[],[]
TRFI_090423_K1,[0],[],[],[]
TRFI_121822_C1,[0],[],[],[]
TRFI_081423_C4,[0],[],[],[]
TRFI_021523_Q1,[0],[],[],[]
TRFI_031523_L1,[0],"['""VEGAS""']",['VRAD-TOP'],['OPERATOR']
AVLB22A_489,[1],[],[],[]
TRFI_021923_K2,[0],[],[],[]
AGBT23A_365,"[1, 4, 7, 6, 5, 2, 3]",['VEGAS'],['VRAD-TOP'],['Reshma Anna Thomas']
TRFI_030623_Q1,[0],[],[],[]
TRFI_100822_W1,[0],[],[],[]
TSCAL_221103_S,[0],[],[],[]
AGBT22B_234,"[11, 12, 8, 6, 100, 1, 2, 3, 4, 7, 5, 9, 10]",[],[],[]
TRFI_081323_L1,[0],[],[],[]
AGBT22B_283,"[2, 3, 1]","['VEGAS', 'DCR']",['VRAD-TOP'],"['Duncan Lorimer', 'Joseph Kania']"
TRFI_052022_A2,[0],[],[],[]
TRCO_230622_L,[0],[],[],[]
AGBT22A_502,"[3, 2, 1]",[],[],[]
AGBT23A_286,"[1, 6, 7, 3, 2, 8, 5, 4, 9]","['VEGAS', 'DCR']","['VOPT-HEL', 'VRAD-TOP']",['Matthew Route']
TRFI_032123_Q1,[0],"['""VEGAS""']",['VRAD-TOP'],['OPERATOR']
TRFI_022523_Q3,[0],[],[],[]
TRFI_090523_L1,[0],[],[],[]
AGBT23A_432,"[2, 3, 1]",[],[],[]
AGBT22B_346,"[21, 10, 3, 15, 17, 18, 14, 7, 2, 1, 5, 8, 20, 6, 13, 12, 19, 9, 4, 11, 22, 16]",['VEGAS'],['VOPT-TOP'],['Nissim Kanekar']
TRFI_090922_X1,[0],[],[],[]
TRFI_052122_X1,[0],[],[],[]
TRFI_082423_L1,[0],[],[],[]
AGBT22B_085,[1],[],[],[]
TRFI_040523_K1,[0],"['""VEGAS""']",['VRAD-TOP'],['OPERATOR']
AGBT20A_322,"[32, 30, 31, 33, 34]",[],[],[]
TRFI_020423_W1,[0],[],[],[]
AGBT22A_430,"[9, 10, 19, 23, 7, 15, 14, 16, 22, 21, 20, 17, 12, 8, 28, 18, 27, 13, 11, 25, 24, 26]",[],[],[]
AGBT22B_256,"[11, 10, 1, 5, 3, 4, 6, 9, 2, 8, 7]",['VEGAS'],['VRAD-TOP'],['Paulo Freire']
AGBT22B_162,"[2, 1]",[],[],[]
AGBT21B_999,[54],[],[],[]
AGBT22A_482,"[6, 7, 8, 11, 10, 1, 4, 5, 3, 2, 9]",[],[],[]
TGBT22A_602,"[10, 3, 4, 5, 2, 8, 7, 6, 1, 9]",[],[],[]
TRFI_012423_Q1,[0],[],[],[]
TRFI_010423,[81],[],[],[]
TRFI_011923_K2,[0],[],[],[]
TRFI_091123_C2,[0],[],[],[]
TSCI_LARRY,"[1, 3, 2]","['VEGAS', 'DCR']","['VRAD-LSR', 'VRAD-TOP']",['Larry Morgan']
TGBT23A_610,"[2, 5, 1, 3, 4]",['VEGAS'],['VRAD-TOP'],['Will Armentrout']
TRFI_032523_C2,[0],['VEGAS'],['VRAD-TOP'],['OPERATOR']
Scanlist-cleaner,[0],[],[],[]
AGBT22B_298,"[4, 3, 8, 6, 1, 5, 7, 2]",[],[],[]
TSCI_RYAN,"[7, 4, 10, 2, 5, 6, 9, 8, 23011, 3]","['VEGAS', '""VEGAS""']","['VRAD-TOP', 'VOPT-BAR', 'VOPT-TOP']",['Ryan Lynch']
TRFI_021423_S1,[0],[],[],[]
AVLBA22A_393,"[3, 2, 1, 5, 4]",[],[],[]
TGBT23A_613,"[2, 4, 10, 1, 13, 8, 9, 15, 7, 16, 14, 6, 11, 3, 5, 12]","['""VEGAS""', 'DCR', 'VEGAS', 'DCR_AF']","['VRAD-TOP', 'VRAD-LSR']","['Larry Morgan', 'Larry Rudnick']"
AGMV23A_031,[1],"['VLBA_DAR', 'DCR']",['VRAD-TOP'],"['Brenne Gregory', 'Evan Smith']"
TRCO_paul,[0],[],[],[]
TRFI_021123_S1,[0],[],[],[]
AGBT22A_118,"[6, 3, 4, 2, 5]",[],[],[]
TRFI_101522_X1,[0],[],[],[]
trgs_8,[20],[],[],[]
TRFI_032323_C1,[0],['VEGAS'],['VRAD-TOP'],['OPERATOR']
TRFI_040523_L1,[0],"['""VEGAS""']",['VRAD-TOP'],['OPERATOR']
AGBT23B_998,"[2, 3, 4, 1, 5]",[],[],[]
TRFI_031423_S2,[0],['VEGAS'],['VRAD-TOP'],['OPERATOR']
TGBT22B_601,"[5, 3, 4, 1, 2]",[],[],[]
AGBT22B_209,[1],['VEGAS'],['VRAD-TOP'],['Jean-Luc Margot']
AGBT23A_246,"[6, 8, 11, 3, 5, 12, 2, 9, 4, 13, 7, 1, 10]","['VEGAS', 'DCR']","['VRAD-LSR', 'VRAD-TOP']","['Gan Luo', 'lingrui, lin']"
AGBT22B_226,"[1, 2, 3, 4]",[],[],[]
AGBT22B_270,"[3, 6, 2, 4, 1, 7, 5, 8]","['VEGAS', 'DCR']",['VRAD-TOP'],['Deven Bhakta']
TRFI_061122_L2,[0],[],[],[]
test-cleaner,[0],[],[],[]
TRFI_022423_K2,[0],[],[],[]
TGBT22B_609,"[8, 9, 1, 5, 6, 2, 3, 4, 10, 7]",[],[],[]
AGBT22B_215,"[4, 2, 3, 1]",['VEGAS'],['VRAD-TOP'],"['Scott Ransom', 'Emmanuel Fonseca']"
AGBT22B_359,"[16, 4, 15, 10, 13, 11, 5, 12, 1, 14, 2, 3, 9, 7, 8, 6]",[],[],[]
TRFI_060322_K1,[0],[],[],[]
TRFI_120622_C1,[0],[],[],[]
TRFI_020623_S2,[0],[],[],[]
TRFI_021123_K1,[0],[],[],[]
AGMV22B_249,[1],"['DCR', 'VLBA_DAR']",['VRAD-TOP'],['Brenne Gregory']
TRFI_052622,[81],[],[],[]
TRFI_012423_W1,[0],[],[],[]
AGBT22B_353,"[1, 2]",[],[],[]
AGBT22B_052,[1],[],[],[]
TSCI_ANIKA,"[8, 7, 3, 2, 9, 1, 6, 5, 4]","['VEGAS', 'DCR']","['VRAD-LSR', 'VRAD-TOP']",['Anika Schmiedeke']
TRFI_090123_K2,[0],[],[],[]
AGBT22B_060,"[2, 3, 1, 0]",[],[],[]
AGBT21B_024,"[31, 30, 28, 32, 34, 26, 27, 33, 29]",[],[],[]
TGBT22A_603,"[7, 9, 8, 10, 5, 2, 6, 1, 4, 3]",[],[],[]
TRFI_051922_C1,[0],[],[],[]
AGBT22A_360,"[7, 6, 11, 9, 5, 10, 12]",['VEGAS'],['VRAD-TOP'],['Tim Bastian']
TRFI_041023_L1,[0],"['""VEGAS""']",['VRAD-TOP'],['OPERATOR']
TRFI_011823_Q1,[0],[],[],[]
TRFI_032023_W1,[0],['VEGAS'],['VRAD-LSR'],['OPERATOR']
TRFI_021023_S1,[0],[],[],[]
TGBT22B_612,"[3, 5, 2, 6, 4, 1]",[],[],[]
TRFI_082123_C2,[0],[],[],[]
TRFI_081223_C1,[0],[],[],[]
TRFI_040323_K1,[0],"['""VEGAS""']",['VRAD-TOP'],['OPERATOR']
TRFI_031523_W2,[0],['VEGAS'],['VRAD-LSR'],['OPERATOR']
TRFI_041123,[81],"['""VEGAS""']",['VRAD-TOP'],['OPERATOR']
AGBT23A_028,"[1, 2, 3]",['MBA15'],['VRAD-TOP'],"['Julia Robe', 'Tony Mroczkowski']"
TRFI_051922_L1,[0],[],[],[]
TRFI_1101522_A1,[0],[],[],[]
AVLB23A_316,[1],"['DCR', 'VLBA_DAR', 'CCB']",['VRAD-TOP'],"['Pedro Salas', 'OPERATOR']"
AGBT22B_348,[1],[],[],[]
TRFI_012523_S2,[0],[],[],[]
TGBT15A_901,"[140, 139, 141]","['VEGAS', 'DCR']","['VRAD-LSR', 'VRAD-TOP']",['David Frayer']
TSCAL_TSCAL,[300],[],[],[]
TRFI_051822_A1,[0],[],[],[]
AGBT23A_301,"[1, 2]",['VEGAS'],['VRAD-TOP'],['Julia Deneva']
TRFI_012623,"[81, 82]",[],[],[]
TRFI_051522_C1,[0],[],[],[]
TRFI_081423_C3,[0],[],[],[]
TRFI_031023_K1,[0],[],[],[]
TRFI_100822_X1,[0],[],[],[]
TRFI_021623_S1,[0],[],[],[]
AGBT23A_295,"[1, 2]",[],[],[]
TKFPA,[100],[],[],[]
TRFI_031923_L2,[0],"['""VEGAS""']",['VRAD-TOP'],['OPERATOR']
tmp,[0],[],[],[]
TRFI_082723_L1,[0],[],[],[]
AGBT23A_408,[1],[],[],[]
TRFI_011423,"[82, 81]",[],[],[]
TRFI_071722_L1,[0],[],[],[]
TRFI_111122_Q1,[0],[],[],[]
TCYCSPEC,"[230317, 230314, 230321, 230316, 230315]",['VEGAS'],"['VRAD-TOP', 'VRAD-LSR', 'VOPT-LSR']",['Paul Marganian']
TRFI_053022_L1,[0],[],[],[]
TRFI_070722,[81],[],[],[]
TRFI_071622,[251],[],[],[]
AGBT23B_046,"[2, 3, 1]",[],[],[]
AGBT23A_387,"[3, 2, 4, 1]","['VEGAS', 'DCR_AF']","['VOPT-BAR', 'VRAD-TOP']",['Abdulla Alhosani']
TRFI_123122_L2,[0],[],[],[]
TSCAL_220929_W,[0],[],[],[]
AVLBA23A_078,[1],"['VLBA_DAR', 'DCR']",['VRAD-TOP'],['OPERATOR']
TRFI_010123_K1,[0],[],[],[]
TRCO_230308_W,[0],[],[],[]
AGBT22B_231,"[10, 3, 18, 14, 4, 17, 13, 16, 9, 8, 12, 5, 15, 6, 1, 2, 7, 19, 11]",['VEGAS'],['VRAD-TOP'],"['Paulo Freire', 'Maura McLaughlin', 'Ingrid Stairs', 'OPERATOR']"
TRFI_121022,"[81, 82]",[],[],[]
TRFI_081023_U2,[0],[],[],[]
TRFI_071822,[251],[],[],[]
TRFI_051422_L1,[0],[],[],[]
AGBT22A_997,"[6, 5, 9, 4, 3, 7, 2, 10, 8]",[],[],[]
TRFI_090922_C1,[0],[],[],[]
TRFI_111822_C1,[0],[],[],[]
TRFI_020723_Q2,[0],[],[],[]
AG22A002,"[4, 3, 1, 5, 2]",[],[],[]
AGBT22B_997,"[2, 1]",[],[],[]
AGBT22B_020,"[1, 2]",[],[],[]
AGBT23B_111,"[1, 2]",[],[],[]
TRFI_022523_L2,[0],[],[],[]
TRFI_102722_Q1,[0],[],[],[]
TRFI_021323_S1,[0],[],[],[]
AGBT22B_040,"[5, 4, 1, 3, 2]",[],[],[]
TRFI_090822_L1,[0],[],[],[]
AGBT22A_466,"[2, 1]",[],[],[]
TRFI_031123_S32,[0],[],[],[]
TRFI_090823_C2,[0],[],[],[]
TRFI_013123_L1,[0],[],[],[]
TRFI_031423_L1,[0],"['""VEGAS""']",['VRAD-TOP'],['OPERATOR']
TRFI_041223_K1,[0],"['""VEGAS""']",['VRAD-TOP'],['OPERATOR']
TRFI_032323,"[81, 82]","['""VEGAS""']",['VRAD-TOP'],['OPERATOR']
TSCAL_220511_P3,[0],[],[],[]
TRFI_090423_K2,[0],[],[],[]
AGBT22B_049,"[9, 5, 8, 4, 2, 6, 1, 7, 3]",[],[],[]
TRFI_091223,"[81, 82]",[],[],[]
AGBT22A_995,"[9, 7, 2, 3, 4, 5, 8, 1, 6]",[],[],[]
TSCI_JAY,[1],[],[],[]
AGBT23A_420,"[2, 1]",[],[],[]
TRCO_230523_C,[0],"['""VEGAS""', 'DCR']",['VRAD-TOP'],['Emily Moravec']
TRFI_012223_L1,[0],[],[],[]
AGBT22B_326,"[2, 5, 1, 3, 7, 6, 4, 8]",['VEGAS'],['VRAD-TOP'],['Moaz Abdelmaguid']
TRFI_012623_K1,[0],[],[],[]
AGBT22A_358,"[11, 8, 6, 5, 7, 17, 9, 13, 12, 15, 16, 10, 14]","['VEGAS', 'DCR']",['VRAD-TOP'],['Nina Gusinskaia']
TRFI_121122_K1,[0],[],[],[]
AGBT22B_248,"[1, 2, 4, 3]","['DCR', 'VEGAS']","['VRAD-TOP', 'VRAD-BAR']",['Yiqing Song']
TRFI_083123,"[81, 82]",[],[],[]
AGBT22B_242,"[2, 4, 3, 1]",[],[],[]
AGBT23A_376,[1],[],[],[]
TRFI_051822_C2,[0],[],[],[]
TRFI_101622_L1,[0],[],[],[]
AGBT22B_011,"[2, 5, 4, 3, 1]",[],[],[]
TRFI_040623_A1,[0],['VEGAS'],['VRAD-TOP'],['OPERATOR']
TRFI_091023_U1,[0],[],[],[]
TRFI_020723_S1,[0],[],[],[]
AGBT22B_163,"[2, 1]",[],[],[]
TRFI_021823_Q2,[0],[],[],[]
TRFI_1101522_C1,[0],[],[],[]
AGBT23A_132,"[3, 6, 1, 4, 5, 2]",[],[],[]
AGMVA23A_031,"[0, 1]","['VLBA_DAR', 'DCR']",['VRAD-TOP'],['Evan Smith']
TRFI_052122_A2,[0],[],[],[]
TRFI_010123_S1,[0],[],[],[]
AGMV22B_100,"[2, 1]","['VLBA_DAR', 'DCR', 'CCB']",['VRAD-TOP'],"['Pedro Salas', 'OPERATOR']"
TRFI_031023_L1,[0],[],[],[]
AGBT22B_360,"[3, 2, 1]",[],[],[]
TRFI_032523_C3,[0],['VEGAS'],['VRAD-TOP'],['OPERATOR']
AGBT22B_112,"[4, 5, 6, 7, 2, 1, 3]",['VEGAS'],['VRAD-TOP'],['Julia Deneva']
TRFI_120822,[81],[],[],[]
TRFI_022823_Q2,[0],[],[],[]
TRFI_061222,[81],[],[],[]
TRFI_031323_Q2,[0],"['""VEGAS""']",['VRAD-TOP'],['OPERATOR']
TRFI_022223_L4,[0],[],[],[]
AGBT23A_142,"[3, 4, 2, 1]","['DCR', 'VEGAS']",['VRAD-TOP'],['Karen Perez']
AGBT22B_068,"[4, 2, 1, 5, 3]",['MBA15'],['VRAD-TOP'],['Charles Romero']
TSCAL_221027_Q2,[0],[],[],[]
TRFI_080923_C3L,[0],[],[],[]
TRCO_230711_S,[0],[],[],[]
TRFI_022023_S2,[0],[],[],[]
TSCAL_030822_L,[0],[],[],[]
TGBT23A_605,"[5, 2, 3, 4, 1]",['DCR'],['VRAD-TOP'],"['Ron Maddalena', 'Ron Grider']"
TINT_20220913A,[0],[],[],[]
TRFI_012323_S1,[0],[],[],[]
AGBT23B_204,"[5, 1, 2, 4, 3]",[],[],[]
TRFI_032023_C2,[0],['VEGAS'],['VRAD-TOP'],['OPERATOR']
TRFI_110322_S1,[0],[],[],[]
TRFI_091023,"[81, 82]",[],[],[]
TRFI_090723_L1,[0],[],[],[]
AGBT23A_307,"[2, 4, 3, 5]","['DCR', 'VEGAS']",['VRAD-TOP'],"['Nina Gusinskaia', ""Patrick O'Neill""]"
TGBT21B_504,"[3, 4]",[],[],[]
TRFI_052222_L1,[0],[],[],[]
TRFI_0318723,[81],"['""VEGAS""']",['VRAD-TOP'],['OPERATOR']
TBTL_LARRY,"[5, 10, 8, 9, 4, 7, 6]",[],[],[]
TRFI_091022_X1,[0],[],[],[]
Scanlist-cleaner~,[0],[],[],[]
TRFI_041123_W1,[0],['VEGAS'],['VRAD-LSR'],['OPERATOR']
AGBT22B_358,"[3, 2, 7, 5, 6, 1, 4]",[],[],[]
TRFI_013023_S1,[0],[],[],[]
TRFI_012823_L1,[0],[],[],[]
TRFI_032623,"[81, 82]","['""VEGAS""']",['VRAD-TOP'],['OPERATOR']
TRFI_040923_K1,[0],"['""VEGAS""']",['VRAD-TOP'],['OPERATOR']
TRFI_051722_L1,[0],[],[],[]
TRFI_070622_S1,[0],[],[],[]
TRFI_06062022_C,[0],[],[],[]
TRFI_090522_L1,[0],[],[],[]
TRFI_010423_L1,[0],[],[],[]
TRFI_082622_L1,[0],[],[],[]
TRFI_082923_U2,[0],[],[],[]
TRFI_061222_A1,[0],[],[],[]
TRFI_013123_S2,[0],[],[],[]
TRFI_040823_W1,[0],['VEGAS'],['VRAD-LSR'],['OPERATOR']
TRFI_031023_S1,[0],[],[],[]
TRCO_junk01,[0],"['VEGAS', 'DCR', 'CCB']","['VRAD-TOP', 'VRAD-LSR']",['David Frayer']
TRFI_040423_L1,[0],"['""VEGAS""']",['VRAD-TOP'],['OPERATOR']
TRFI_091023_U2,[0],[],[],[]
TRFI_011823,[81],[],[],[]
TRFI_123122_S1,[0],[],[],[]
AGBT21B_205,"[18, 19]",[],[],[]
TRFI_111722_Q1,[0],[],[],[]
TRFI_011723_L2,[0],[],[],[]
AGBT22B_309,[1],[],[],[]
AGBT22B_170,"[1, 3, 2]",[],[],[]
TRFI_071422_L1,[0],[],[],[]
TRFI_022823_K1,[0],[],[],[]
TSCAL_220511_te,[0],[],[],[]
TRFI_050723_L1,[0],"['""VEGAS""']",['VRAD-TOP'],['OPERATOR']
TRFI_082823_A1,[0],[],[],[]
TRFI_032823_C2,[0],['VEGAS'],['VRAD-TOP'],['OPERATOR']
TRFI_081123_A1,[0],[],[],[]
TRFI_071722_X1,[0],[],[],[]
TRFI_012823_Q1,[0],[],[],[]
TRFI_071923_L1,[0],[],[],[]
TSCAL_220929_L,[0],[],[],[]
TRFI_090523_C1,[0],[],[],[]
AVLB22B_148,"[1, 2]",[],[],[]
TRFI_011823_L1,[0],[],[],[]
AGBT22A_287,"[13, 12, 11, 10, 9, 14]",[],[],[]
TRFI_080923_C3,[0],[],[],[]
TRFI_022723_L1,[0],[],[],[]
TGBT22B_999,"[2, 1, 3]",[],[],[]
TRFI_082023_C2,[0],[],[],[]
TRFI_022723_Q1,[0],[],[],[]
TRFI_020123,[81],[],[],[]
AGBT23A_042,"[2, 1]",[],[],[]
AGBT22A_404,"[2, 1]",[],[],[]
TRCO_230621_L,[0],[],[],[]
TRFI_020323_W1,[0],[],[],[]
TRFI_020523_Q1,[0],[],[],[]
TRFI_082223_L1,[0],[],[],[]
TRFI_081023_U1,[0],[],[],[]
TRFI_051822_X1,[0],[],[],[]
TRFI_110722_S2,[0],[],[],[]
TRFI_123122,[81],[],[],[]
TRFI_082023_C3,[0],[],[],[]
TRFI_022423_K1,[0],[],[],[]
TRFI_040423_C1,[0],['VEGAS'],['VRAD-TOP'],['OPERATOR']
TRFI_090422_L1,[0],[],[],[]
TRFI_012723_S2,[0],[],[],[]
TRFI_021023_Q2,[0],[],[],[]
TRFI_050323_L1,[0],"['""VEGAS""']",['VRAD-TOP'],['OPERATOR']
AGBT21B_277,"[19, 20, 18, 21]",[],[],[]
TRFI_020823_Q1,[0],[],[],[]
TRFI_111622,[81],[],[],[]
AGBT22B_287,"[5, 2, 1, 3, 4, 6]","['VEGAS', 'DCR']","['VRAD-LSR', 'VRAD-TOP']",['Harshal Gupta']
TSCAL_221027_Q3,[0],[],[],[]
AVLB22A_393,"[2, 3, 1, 4]",[],[],[]
TRFI_090622_L1,[0],[],[],[]
TRFI_071822_X1,[0],[],[],[]
TRFI_020423_W2,[0],[],[],[]
TRFI_082523_A1,[0],[],[],[]
TRFI_022323_Q21,[0],[],[],[]
AGBT22A_325,"[11, 12, 13, 10, 15, 14]","['VEGAS', 'DCR', 'CCB']","['VOPT-BAR', 'VRAD-TOP']","['Yuanze Luo', 'David Stark']"
TRFI_031123_S1,[0],[],[],[]
AGBT23A_418,"[3, 2, 1]",[],[],[]
TRFI_010223_Q1,[0],[],[],[]
TRFI_010123,"[82, 81]",[],[],[]
TRFI_011623_K1,[0],[],[],[]
TSDW,"[20230802, 202308, 221117, 221102]",[],[],[]
TRFI_041123_C1,[0],['VEGAS'],['VRAD-TOP'],['OPERATOR']
TLASSI,[190622],[],[],[]
TRFI_060122_L1,[0],[],[],[]
TRFI_040523_X1,[0],['VEGAS'],['VRAD-TOP'],['OPERATOR']
TRFI_010923_L1,[0],[],[],[]
TRFI_021523_L1,[0],[],[],[]
TRFI_022823_K2,[0],[],[],[]
TRFI_071522_C1,[0],[],[],[]
TSCAL_220511_C,[0],[],[],[]
data-resync~,[0],[],[],[]
TRFI_040423,[81],"['""VEGAS""']",['VRAD-TOP'],['OPERATOR']
TRFI_080923_C1,[0],[],[],[]
TRFI_070922_L1,[0],[],[],[]
TRFI_032923_X2,[0],['VEGAS'],['VRAD-TOP'],['OPERATOR']
TRFI_020323_K1,[0],[],[],[]
TRFI_030923_Q1,[0],[],[],[]
TRFI_081222_C1,[0],[],[],[]
TRFI_022323_L1,[0],[],[],[]
TRFI_022723_L2,[0],[],[],[]
TRFI_060522_X1,[0],[],[],[]
JMAINT,[0],[],[],[]
TRFI_091022_C1,[0],[],[],[]
TRFI_010723_K1,[0],[],[],[]
TRFI_081123_L1,[0],[],[],[]
TRCO_221212_W,[0],[],[],[]
TRFI_010123_L1,[0],[],[],[]
TRFI_121122_L1,[0],[],[],[]
TSCAL_220525,[8],[],[],[]
TRFI_030923_K21,[0],[],[],[]
AGBT23A_084,"[6, 2, 1, 7, 10, 8, 4, 3, 9, 5]","['VEGAS', '""DCR""']","['VOPT-BAR', 'VRAD-TOP']",['Mike Jones']
TGBT22A_605,[1],[],[],[]
TSCI_VLBI,[23031],[],[],[]
TRFI_040123_L1,[0],"['""VEGAS""']",['VRAD-TOP'],['OPERATOR']
AGBT22B_285,"[5, 4, 3, 1, 2]",[],[],[]
TRFI_012923_S1,[0],[],[],[]
AGBT22A_219,[1],[],[],[]
TRFI_090323_A2,[0],[],[],[]
TRFI_020523_K1,[0],[],[],[]
TRFI_040423_A1,[0],['VEGAS'],['VRAD-TOP'],['OPERATOR']
TRFI_040723_C1,[0],['VEGAS'],['VRAD-TOP'],['OPERATOR']
TRFI_022023_Q1,[0],[],[],[]
TRFI_082323_U2,[0],[],[],[]
TRFI_091423_Q1,[0],[],[],[]
TRFI_101322_A1,[0],[],[],[]
TRFI_012823_W1,[0],[],[],[]
TRFI_020123_L3,[0],[],[],[]
TRFI_011623_Q1,[0],[],[],[]
TRFI_082823_A2,[0],[],[],[]
TRFI_082423_L2,[0],[],[],[]
TRFI_011723_L1,[0],[],[],[]
TRFI_120622_L1,[0],[],[],[]
TRFI_022523_Q1,[0],[],[],[]
TRFI_031923_Q1,[0],"['""VEGAS""']",['VRAD-TOP'],['OPERATOR']
TRFI_071122_S1,[0],[],[],[]
TSCAL_220616_P3,[0],[],[],[]
TSCI_DAVE,"[2, 5, 4, 3, 1]",[],[],[]
AGMVA23A_033,[1],"['DCR', 'VLBA_DAR']",['VRAD-TOP'],"['Brenne Gregory', 'Evan Smith']"
TRFI_122822_L1,[0],[],[],[]
TRFI_060922_U1,[0],[],[],[]
TRFI_082323_C1,[0],[],[],[]
TRFI_052122,[31],[],[],[]
TRFI_030823_S1,[0],[],[],[]
TRFI_030423_S1,[0],[],[],[]
TRFI_052322_A1,[0],[],[],[]
TRFI_080522_L1,[0],[],[],[]
TRFI_010323_Q1,[0],[],[],[]
TRFI_040523_X2,[0],[],[],[]
TRFI_012623_K2,[0],[],[],[]
TRFI_010123_L21,[0],[],[],[]
TRFI_032723_C2,[0],['VEGAS'],['VRAD-TOP'],['OPERATOR']
TRFI_011223,"[82, 81, 83]",[],[],[]
TRFI_012423_U2,[0],[],[],[]
TRFI_051822_K1,[0],[],[],[]
TRFI_010723_L1,[0],[],[],[]
TRFI_040623,"[82, 81]","['""VEGAS""']",['VRAD-TOP'],['OPERATOR']
TRFI_081723_C2,[0],[],[],[]
TRFI_081023_L2,[0],[],[],[]
TRFI_080923_C4,[0],[],[],[]
TRFI_011623_S1,[0],[],[],[]
TRFI_110622_S2,[0],[],[],[]
TRFI_011723_S1,[0],[],[],[]
TSCAL_220511_Ku,[0],[],[],[]
TRFI_082523_A2,[0],[],[],[]
AGBT22B_143,"[4, 2, 3, 1, 5]",[],[],[]
TRFI_040823_C1,[0],['VEGAS'],['VRAD-TOP'],['OPERATOR']
TRFI_012223_K2,[0],[],[],[]
test,[0],[],[],[]
TRFI_052222_L3,[0],[],[],[]
TRFI_032423_L1,[0],"['""VEGAS""']",['VRAD-TOP'],['OPERATOR']
TRFI_032523_L1,[0],"['""VEGAS""']",['VRAD-TOP'],['OPERATOR']
TRFI_111722_U1,[0],[],[],[]
TGBT23A_603,"[2, 1]","['DCR', 'CCB']",['VRAD-TOP'],"['Anika Schmiedeke', 'David Frayer']"
AGLST141019,"[61, 63, 62]",[],[],[]
TRFI_070822_L1,[0],[],[],[]
TRFI_022623_K2,[0],[],[],[]
TRFI_022123_L1,[0],[],[],[]
AGBT22B_324,"[0, 2, 1]",[],[],[]
TRFI_030523_Q1,[0],[],[],[]
TRFI_040523_C1,[0],['VEGAS'],['VRAD-TOP'],['OPERATOR']
TRFI_031623_Q1,[0],"['""VEGAS""']",['VRAD-TOP'],['OPERATOR']
TRFI_010223_L2,[0],[],[],[]
TRFI_081323_C1,[0],[],[],[]
TRFI_082123_C3,[0],[],[],[]
TRFI_101722_A1,[0],[],[],[]
TRFI_020923_L2,[0],[],[],[]
TRFI_071822_U1,[0],[],[],[]
TRFI_090722_X1,[0],[],[],[]
TRFI_082623_C1,[0],[],[],[]
TRFI_032723_C1,[0],['VEGAS'],['VRAD-TOP'],['OPERATOR']
data-cleaner~,[0],[],[],[]
TRFI_012823_L2,[0],[],[],[]
AGBT23A_332,[1],[],[],[]
TRFI_051722,[31],[],[],[]
TRFI_032123_K1,[0],"['""VEGAS""']",['VRAD-TOP'],['OPERATOR']
TRFI_090423,"[81, 82]",[],[],[]
TRFI_052022_A1,[0],[],[],[]
TRCO_221108_P8,[0],[],[],[]
TRFI_021823_Q1,[0],[],[],[]
TRFI_021923_K1,[0],[],[],[]
TRFI_030123_Q1,[0],[],[],[]
TRFI_081523_C3,[0],[],[],[]
TRFI_082723_K2,[0],[],[],[]
TRFI_021223_L2,[0],[],[],[]
TRFI_082023_C1,[0],[],[],[]
TRFI_031123,"[81, 82]",[],[],[]
AVLB23A_118,[1],"['VLBA_DAR', 'DCR', 'DCR_AF']",['VRAD-TOP'],"['Brenne Gregory', 'OPERATOR']"
TRFI_020623,[81],[],[],[]
TRCO_230412_L,[0],"['DCR', '""VEGAS""', 'VEGAS']",['VRAD-TOP'],['Evan Smith']
TRFI_123122_L1,[0],[],[],[]
TRFI_010323_L1,[0],[],[],[]
TRFI_032523_K1,[0],"['""VEGAS""']",['VRAD-TOP'],['OPERATOR']
TRFI_020923_W2,[0],[],[],[]
AGBT22A_459,"[13, 14, 15, 10, 11, 12]",['MBA15'],['VRAD-TOP'],['Simon Dicker']
TRFI_090223_C1,[0],[],[],[]
TRFI_081123_A3,[0],[],[],[]
TRFI_040923_A1,[0],['VEGAS'],['VRAD-TOP'],['OPERATOR']
TRCO_230525_P8,[0],"['""VEGAS""', 'DCR']",['VRAD-TOP'],['Emily Moravec']
TSCAL_JUNK_fun,[0],[],[],[]
TRFI_090722_C1,[0],[],[],[]
TRCO_221123_P8,[0],[],[],[]
TRFI_090322_C1,[0],[],[],[]
TRCO_221117_C,[0],[],[],[]
TSCAL_221103_Ku,[0],[],[],[]
TRFI_111022_L1,[0],[],[],[]
TRFI_011123_L1,[0],[],[],[]
TRFI_031723_C1,[0],['VEGAS'],['VRAD-TOP'],['OPERATOR']
AGBT22A_435,"[6, 7, 8]",[],[],[]
TRFI_111922_L1,[0],[],[],[]
TRFI_020423_S1,[0],[],[],[]
TRFI_020823_Q2,[0],[],[],[]
TRFI_081323_L2,[0],[],[],[]
TRFI_052422_L1,[0],[],[],[]
TRFI_032223_L1,[0],"['""VEGAS""']",['VRAD-TOP'],['OPERATOR']
TRFI_121022_L1,[0],[],[],[]
TRFI_040223_A2,[0],['VEGAS'],['VRAD-TOP'],['OPERATOR']
AGBT22A_155,"[1, 3, 2]",[],[],[]
TRFI_121922_W1,[0],[],[],[]
TRFI_112822_C1,[0],[],[],[]
TRFI_020723_Q1,[0],[],[],[]
TRFI_010123_Q1,[0],[],[],[]
TRFI_122122_S1,[0],[],[],[]
TRFI_090723_L2,[0],[],[],[]
TRFI_032523_C1,[0],['VEGAS'],['VRAD-TOP'],['OPERATOR']
TRFI_030723_L1,[0],[],[],[]
TRFI_083123_C1,[0],[],[],[]
TRFI_021723_L1,[0],[],[],[]
TRFI_051922,[31],[],[],[]
TRFI_051122,[81],[],[],[]
TRFI_052922_L1,[0],[],[],[]
TRFI_082223_C2,[0],[],[],[]
AGBT22B_323,"[2, 1]","['VEGAS', 'DCR']",['VRAD-TOP'],"['Matt Lebofsky', 'Steve Croft']"
TRFI_033023_L1,[0],"['""VEGAS""']",['VRAD-TOP'],['OPERATOR']
TRFI_052722,[81],[],[],[]
TRFI_022423_L11,[0],[],[],[]
TRCO_230718_C,[0],[],[],[]
TRFI_010123_S2,[0],[],[],[]
TRFI_021423_W1,[0],[],[],[]
TRFI_081323_L3,[0],[],[],[]
TRFI_040223_K1,[0],"['""VEGAS""']",['VRAD-TOP'],['OPERATOR']
TRFI_020923_W1,[0],[],[],[]
TRFI_020323_K2,[0],[],[],[]
TRFI_120722_L1,[0],[],[],[]
TRFI_110622_S1,[0],[],[],[]
TRFI_061122_L1,[0],[],[],[]
TRFI_091323_C1,[0],[],[],[]
TRFI_120622_U1,[0],[],[],[]
TRFI_082022_C1,[0],[],[],[]
TRFI_071722_C1,[0],[],[],[]
TRFI_110622_Q1,[0],[],[],[]
TRFI_040623_W1,[0],['VEGAS'],['VRAD-LSR'],['OPERATOR']
TRCO_KFPA040423,[0],['VEGAS'],['VRAD-TOP'],['Larry Morgan']
TRCO_230306_W,[0],[],[],[]
TRFI_011623_W1,[0],[],[],[]
TRFI_081123_C2,[0],[],[],[]
TGBT22A_505,[1],[],[],[]
TRFI_101922_L1,[0],[],[],[]
TRFI_040523_L2,[0],"['""VEGAS""']",['VRAD-TOP'],['OPERATOR']
TRFI_081922_X1,[0],[],[],[]
TRFI_111122_S1,[0],[],[],[]
TRFI_111222_K1,[0],[],[],[]
TSCAL_220505_Ku,[0],[],[],[]
TRFI_112222_C1,[0],[],[],[]
TRFI_061322,[81],[],[],[]
TSCAL_221021_P8,[0],[],[],[]
TRFI_032923,[81],"['""VEGAS""']",['VRAD-TOP'],['OPERATOR']
TRFI_040823_A1,[0],['VEGAS'],['VRAD-TOP'],['OPERATOR']
TRFI_040523,[81],"['""VEGAS""']",['VRAD-TOP'],['OPERATOR']
TRFI_021023_Q1,[0],[],[],[]
TRFI_051522_X1,[0],[],[],[]
JMain02_02,[4],[],[],[]
TRFI_121822_L1,[0],[],[],[]
TRFI_102622_K1,[0],[],[],[]
TRFI_052022_C1,[0],[],[],[]
TRFI_082923_U1,[0],[],[],[]
AGBT23B_227,[0],[],[],[]
TRFI_033023_L2,[0],"['""VEGAS""']",['VRAD-TOP'],['OPERATOR']
TRFI_031923_Q2,[0],"['""VEGAS""']",['VRAD-TOP'],['OPERATOR']
TRFI_032623_W1,[0],['VEGAS'],['VRAD-LSR'],['OPERATOR']
TRFI_030723_L2,[0],[],[],[]
TRFI_071022_A1,[0],[],[],[]
TRFI_010823_Q1,[0],[],[],[]
TRFI_081823_C3,[0],[],[],[]
TRFI_010223,[81],[],[],[]
TRFI_011523_K1,[0],[],[],[]
TRFI_022623_W2,[0],[],[],[]
TRFI_051722_X1,[0],[],[],[]
TRFI_010323_K1,[0],[],[],[]
TRFI_081823_C1,[0],[],[],[]
JUNK,[0],['DCR'],['VRAD-TOP'],['Kathlyn Purcell']
TRFI_091423_Q2,[0],[],[],[]
TRFI_082923_L1,[0],[],[],[]
TGBT23A_607,"[3, 1, 2]","['VEGAS', 'DCR']",['VRAD-TOP'],['Pedro Salas']
AGBT22B_191,"[1, 2]",[],[],[]
TRFI_080823,[81],[],[],[]
TRFI_033023_W1,[0],['VEGAS'],['VRAD-LSR'],['OPERATOR']
TRFI_030223_S3,[0],[],[],[]
TRFI_040723_L1,[0],"['""VEGAS""']",['VRAD-TOP'],['OPERATOR']
TRFI_081523_C2,[0],[],[],[]
TRFI_031223_L3,[0],[],[],[]
TRFI_090822_L2,[0],[],[],[]
TRFI_090623_U1,[0],[],[],[]
TRFI_101322_K1,[0],[],[],[]
TRFI_020823_S1,[0],[],[],[]
TRFI_030323_L1,[0],[],[],[]
TRFI_040123_C2,[0],['VEGAS'],['VRAD-TOP'],['OPERATOR']
TRFI_030323_L2,[0],[],[],[]
TRFI_090723_K1,[0],[],[],[]
TRFI_022123_L3,[0],[],[],[]
AVLB22B_074,[1],[],[],[]
TRFI_112322_K1,[0],[],[],[]
TRFI_020923_L1,[0],[],[],[]
TRFI_040423_L2,[0],"['""VEGAS""']",['VRAD-TOP'],['OPERATOR']
TSCAL_040822_L,[0],[],[],[]
TRFI_013023_S2,[0],[],[],[]
AVLB23A_078,[1],"['DCR', 'VLBA_DAR']",['VRAD-TOP'],['Pedro Salas']
TRFI_010223_L1,[0],[],[],[]
TRFI_011123_S1,[0],[],[],[]
TRFI_021023_S2,[0],[],[],[]
TRCO_221119_C,[0],[],[],[]
TRFI_022523_L1,[0],[],[],[]
CV_COPY_OK,[0],[],[],[]
TRFI_040623_K1,[0],"['""VEGAS""']",['VRAD-TOP'],['OPERATOR']
Junk,[0],[],[],[]
TRFI_080923_L1,[0],[],[],[]
TRFI_052222_X1,[0],[],[],[]
TRFI_122422_L1,[0],[],[],[]
TRFI_071422_C1,[0],[],[],[]
test-resync~,[0],[],[],[]
TRCO_230608_KU,[0],[],[],[]
TSCAL_300622_S,[0],[],[],[]
AGBT23A_160,"[1, 2]",['VEGAS'],['VRAD-TOP'],['Andrew Cameron']
TRFI_082123_C1,[0],[],[],[]
TRFI_032223_K1,[0],"['""VEGAS""']",['VRAD-TOP'],['OPERATOR']
TRFI_110622_L1,[0],[],[],[]
AGBT23B_032,"[4, 2, 1, 5, 3]",[],[],[]
TRCO_221201_Ku,[0],[],[],[]
TRFI_051522_L1,[0],[],[],[]
TRFI_052022_K2,[0],[],[],[]
TRFI_101722_C1,[0],[],[],[]
TRFI_071622_X1,[0],[],[],[]
TGBT23A_614,[1],[],[],[]
TRFI_012723_S1,[0],[],[],[]
TRFI_012223_K1,[0],[],[],[]
TRFI_040923_C1,[0],['VEGAS'],['VRAD-TOP'],['OPERATOR']
TRFI_040523_L3,[0],"['""VEGAS""']",['VRAD-TOP'],['OPERATOR']
TRFI_032423_W1,[0],['VEGAS'],['VRAD-LSR'],['OPERATOR']
TRFI_011523_Q1,[0],[],[],[]
TGBT22A_504,[1],[],[],[]
AGBT22A_269,"[2, 3]",[],[],[]
TRFI_040523_A2,[0],['VEGAS'],['VRAD-TOP'],['OPERATOR']
TRFI_081923_U1,[0],[],[],[]
TRFI_011523_Q2,[0],[],[],[]
TRFI_030423_K2,[0],[],[],[]
TRCO_230413_W,[0],"['DCR', 'CCB', 'VEGAS', 'VLBA_DAR']","['VRAD-TOP', 'VRAD-LSR']",['Pedro Salas']
TRFI_031523_W1,[0],['VEGAS'],['VRAD-LSR'],['OPERATOR']
TRCO_221212_S,[0],[],[],[]
TRFI_122722_S1,[0],[],[],[]
TRFI_030223_S1,[0],[],[],[]
TRFI_032723_Q1,[0],"['""VEGAS""']",['VRAD-TOP'],['OPERATOR']
TRFI_123022,[81],[],[],[]
TRFI_090123_A2,[0],[],[],[]
TRFI_082523_A3,[0],[],[],[]
TRFI_061122_C1,[0],[],[],[]
TRFI_091323_Q2,[0],[],[],[]
TRFI_012523_L1,[0],[],[],[]
TRFI_082823_C1,[0],[],[],[]
TRCO_230413_P8,[0],"['""VEGAS""', 'DCR', 'VEGAS']",['VRAD-TOP'],['Ryan Lynch']
TRFI_030123_W1,[0],[],[],[]
TRCO_230508_S,[0],"['DCR', '""VEGAS""']",['VRAD-TOP'],['Brenne Gregory']
TRFI_071822_L1,[0],[],[],[]
TRFI_030523_Q2,[0],[],[],[]
TRFI_080823_L2,[0],[],[],[]
TRFI_031323,[81],"['""VEGAS""']",['VRAD-TOP'],['OPERATOR']
TRFI_090523_L2,[0],[],[],[]
TRFI_061222_L1,[0],[],[],[]
TRFI_010223_W1,[0],[],[],[]
AGBT22A_433,[9],[],[],[]
TSCI_EVAN,[1],[],[],[]
TRFI_032623_W2,[0],['VEGAS'],['VRAD-LSR'],['OPERATOR']
junk,[0],[],[],[]
TRFI_012723_W1,[0],[],[],[]
TRFI_040123_L2,[0],"['""VEGAS""']",['VRAD-TOP'],['OPERATOR']
TRFI_020623_S1,[0],[],[],[]
TRFI_051722_K1,[0],[],[],[]
TRFI_053022,[81],[],[],[]
TRFI_041023_L2,[0],"['""VEGAS""']",['VRAD-TOP'],['OPERATOR']
TRFI_040823_L1,[0],"['""VEGAS""']",['VRAD-TOP'],['OPERATOR']
TRFI_071722_U1,[0],[],[],[]
TRFI_052322_C1,[0],[],[],[]
TRFI_061622,[31],[],[],[]
TRFI_053122,[81],[],[],[]
TRFI_012723_W2,[0],[],[],[]
AGBT23A_997,[1],[],[],[]
TRFI_082423_U1,[0],[],[],[]
TRFI_083023_L2,[0],[],[],[]
TRFI_090323_U2,[0],[],[],[]
TRFI_120922_L1,[0],[],[],[]
TGBT23A_M2,"[2, 1]",[],[],[]
AGBT23A_401,[1],"['VEGAS', 'DCR', 'DCR_AF']",['VRAD-TOP'],['Larry Morgan']
TRFI_112622_C1,[0],[],[],[]
TGBT22A_606,"[2, 3, 1]",[],[],[]
TRFI_011423_K1,[0],[],[],[]
TRFI_102822_L1,[0],[],[],[]
TRFI_032723_L1,[0],"['""VEGAS""']",['VRAD-TOP'],['OPERATOR']
TRFI_090523_C2,[0],[],[],[]
AGBT22B_200,"[3, 1, 2]",[],[],[]
TRFI_030623_S2,[0],[],[],[]
TRFI_052522_L1,[0],[],[],[]
TRFI_030523_K1,[0],[],[],[]
TRFI_062022,[31],[],[],[]
TRFI_090223_C2,[0],[],[],[]
TRFI_051922_X1,[0],[],[],[]
TRFI_030923_K1,[0],[],[],[]
TRFI_032423_W2,[0],['VEGAS'],['VRAD-LSR'],['OPERATOR']
TRFI_063022,[81],[],[],[]
TRFI_011323_S1,[0],[],[],[]
TRFI_031923_L1,[0],"['""VEGAS""']",['VRAD-TOP'],['OPERATOR']
TRFI_033123,"[82, 81]","['""VEGAS""']",['VRAD-TOP'],['OPERATOR']
TRFI_011923_K1,[0],[],[],[]
TRFI_031723_L2,[0],"['""VEGAS""']",['VRAD-TOP'],['OPERATOR']
TRFI_031223_L1,[0],[],[],[]
TRFI_051822_x2,[0],[],[],[]
AGBT22A_470,[3],[],[],[]
TRFI_080322_L1,[0],[],[],[]
TRFI_012923_S2,[0],[],[],[]
TRFI_031423_S1,[0],['VEGAS'],['VRAD-TOP'],['OPERATOR']
TRFI_021723_K1,[0],[],[],[]
TRFI_040423_C2,[0],['VEGAS'],['VRAD-TOP'],['OPERATOR']
TRFI_021823_W1,[0],[],[],[]
TRFI_100722_A1,[0],[],[],[]
TRFI_081423_C1,[0],[],[],[]
TRFI_082823_C2,[0],[],[],[]
TRFI_052122_C1,[0],[],[],[]
TRFI_052522,[81],[],[],[]
TRFI_122822_Q1,[0],[],[],[]
TRFI_112522_L2,[0],[],[],[]
TRFI_051122_U1,[0],[],[],[]
TRFI_030523_K2,[0],[],[],[]
TRFI_032223_K2,[0],"['""VEGAS""']",['VRAD-TOP'],['OPERATOR']
TRFI_012323_L1,[0],[],[],[]
TRFI_071622_C1,[0],[],[],[]
AGMV23A_033,[1],"['DCR', 'VLBA_DAR', 'CCB']",['VRAD-TOP'],['Brenne Gregory']
TSCAL_040822_X,[0],[],[],[]
TRFI_020523_Q2,[0],[],[],[]
TSCAL_220609_KU,[0],[],[],[]
TRFI_052022_L1,[0],[],[],[]
TRFI_083023_L1,[0],[],[],[]
TRFI_paul,[0],['VEGAS'],"['VRAD-LSR', 'VRAD-TOP']",['Paul Marganian']
TRFI_100622_X1,[0],[],[],[]
TRFI_091123_C1,[0],[],[],[]
TRFI_100222_X1,[0],[],[],[]
TRFI_081223_L2,[0],[],[],[]
AGBT22A_067,[4],[],[],[]
TRFI_010223_S1,[0],[],[],[]
TRFI_021823_S2,[0],[],[],[]
TRFI_090623_U2,[0],[],[],[]
TRFI_081622_X1,[0],[],[],[]
TRFI_040323_W1,[0],['VEGAS'],['VRAD-LSR'],['OPERATOR']
TRFI_072323_L1,[0],[],[],[]
TRFI_071022_U1,[0],[],[],[]
TRCO_230718_P8,[0],[],[],[]
TRFI_081822_C1,[0],[],[],[]
TRFI_012723_L1,[0],[],[],[]
TRFI_010823_S1,[0],[],[],[]
TRFI_033123_K1,[0],"['""VEGAS""']",['VRAD-TOP'],['OPERATOR']
TRFI_030423_S2,[0],[],[],[]
TRFI_022623_W1,[0],[],[],[]
TRFI_090623_A2,[0],[],[],[]
TRFI_071022_X1,[0],[],[],[]
TRFI_040223_K2,[0],"['""VEGAS""']",['VRAD-TOP'],['OPERATOR']
TRFI_061222_U1,[0],[],[],[]
TRFI_101722_X1,[0],[],[],[]
TRFI_100722_C1,[0],[],[],[]
TRFI_082923_L2,[0],[],[],[]
TRFI_081523_C1,[0],[],[],[]
TRFI_051822_C1,[0],[],[],[]
AGBT22A_139,[4],[],[],[]
TRFI_030223_S2,[0],[],[],[]
TRFI_052222_L2,[0],[],[],[]
TRFI_052222,[31],[],[],[]
TRFI_051722_C1,[0],[],[],[]
TRFI_052222_C1,[0],[],[],[]
TRFI_112622_L1,[0],[],[],[]
TSCAL_221027_L,[0],[],[],[]
TRFI_121822,[81],[],[],[]
TRFI_122422_S1,[0],[],[],[]
TRFI_123122_S2,[0],[],[],[]
TRFI_030823,"[81, 82]",[],[],[]
TRFI_122322_L1,[0],[],[],[]
AGBT22B_347,[1],"['DCR', 'VEGAS']","['VRAD-TOP', 'VRAD-LSR']",['Brett McGuire']
TRFI_121522_L1,[0],[],[],[]
TRFI_090123_A1,[0],[],[],[]
TRFI_091323_Q1,[0],[],[],[]
TRFI_090922_L1,[0],[],[],[]
TRFI_010123_W1,[0],[],[],[]
TRFI_031223_L2,[0],[],[],[]
TRFI_030323_L32,[0],[],[],[]
TRFI_012423_L1,[0],[],[],[]
TRFI_011323_S2,[0],[],[],[]
TRFI_041223_A1,[0],['VEGAS'],['VRAD-TOP'],['OPERATOR']
TRFI_010823_W2,[0],[],[],[]
TRFI_040523_A1,[0],['VEGAS'],['VRAD-TOP'],['OPERATOR']
TRFI_011623_Q2,[0],[],[],[]
TRFI_012523_L2,[0],[],[],[]
data-cleaner,[0],[],[],[]
TRFI_040723_K1,[0],"['""VEGAS""']",['VRAD-TOP'],['OPERATOR']
TRFI_071022_L1,[0],[],[],[]
TRFI_040923_W1,[0],['VEGAS'],['VRAD-LSR'],['OPERATOR']
TRFI_022123_L2,[0],[],[],[]
TRFI_122122_L1,[0],[],[],[]
TRFI_012123,[81],[],[],[]
TRFI_030523_K3,[0],[],[],[]
TRFI_120922_K1,[0],[],[],[]
TRFI_090723_K2,[0],[],[],[]
TRFI_010723_Q1,[0],[],[],[]
TRFI_031123_L1,[0],[],[],[]
TRFI_031123_S2,[0],[],[],[]
AGBT22A_492,[1],[],[],[]
TRFI_111122_X1,[0],[],[],[]
TRFI_082723_K1,[0],[],[],[]
TRCO_230413_KFP,[0],"['VEGAS', 'DCR_AF']",['VRAD-TOP'],['David Frayer']
TRFI_081023_L1,[0],[],[],[]
TRFI_110622_U1,[0],[],[],[]
TRFI_121122_Q1,[0],[],[],[]
TRFI_022823_Q1,[0],[],[],[]
TRFI_121322_L1,[0],[],[],[]
TRFI_052122_L1,[0],[],[],[]
TRFI_082723_L2,[0],[],[],[]
TRFI_090622_U1,[0],[],[],[]
TRFI_081023_K1,[0],[],[],[]
data-resync,[0],[],[],[]
TRFI_040323_A1,[0],['VEGAS'],['VRAD-TOP'],['OPERATOR']
TRFI_082623_C2,[0],[],[],[]
TRFI_090223_L2,[0],[],[],[]
TRFI_081223_L1,[0],[],[],[]
TRFI_020123_L1,[0],[],[],[]
TRFI_031823_C2,[0],['VEGAS'],['VRAD-TOP'],['OPERATOR']
TRFI_071822_C1,[0],[],[],[]
TRFI_121622_C1,[0],[],[],[]
TRFI_031223_S2,[0],['VEGAS'],['VRAD-TOP'],['OPERATOR']
TRFI_010723_K2,[0],[],[],[]
TRFI_021323_S2,[0],[],[],[]
TRFI_022023_S1,[0],[],[],[]
TRFI_081422_L1,[0],[],[],[]
TRFI_012023_S1,[0],[],[],[]
TRFI_081123_A2,[0],[],[],[]
test-cleaner~,[0],[],[],[]
TRFI_101622_C1,[0],[],[],[]
TRFI_082623_U1,[0],[],[],[]
TRFI_090622_X1,[0],[],[],[]
TRFI_081123_C1,[0],[],[],[]
TRFI_081423_C2,[0],[],[],[]
TRFI_082323_C2,[0],[],[],[]
TRFI_030123_Q2,[0],[],[],[]
TRFI_121122_C1,[0],[],[],[]
TRFI_011323_L1,[0],[],[],[]
TRFI_070722_S1,[0],[],[],[]
TRFI_010223_S2,[0],[],[],[]
TRFI_011723_l1,[0],[],[],[]
TRFI_080923_C2,[0],[],[],[]
TRFI_082423_A1,[0],[],[],[]
TRFI_052022_X1,[0],[],[],[]
TRFI_011423_L1,[0],[],[],[]
TRFI_030423_K1,[0],[],[],[]
SDW_Novem24,[0],[],[],[]
TRFI_010323,[81],[],[],[]
TRFI_021323_Q1,[0],[],[],[]
TRFI_031323_Q1,[0],"['""VEGAS""']",['VRAD-TOP'],['OPERATOR']
TRFI_022523_Q2,[0],[],[],[]
TRFI_0318723_C1,[0],['VEGAS'],['VRAD-TOP'],['OPERATOR']
TRCO_230413_Ka,[0],"['VEGAS', 'DCR', 'CCB']",['VRAD-TOP'],['David Frayer']
TRFI_021823_S1,[0],[],[],[]
TRFI_031723_L1,[0],"['""VEGAS""']",['VRAD-TOP'],['OPERATOR']
TRFI_013123_S1,[0],[],[],[]
TRFI_010323_S2,[0],[],[],[]
TRFI_081923_U2,[0],[],[],[]
TRFI_011023_Q1,[0],[],[],[]
TRFI_083122_L1,[0],[],[],[]
TRFI_070622,[81],[],[],[]
TRFI_021923_L1,[0],[],[],[]
TRFI_021623_W1,[0],[],[],[]
TRFI_041223_L1,[0],"['""VEGAS""']",['VRAD-TOP'],['OPERATOR']
TRFI_011523_W1,[0],[],[],[]
TRFI_083123_C2,[0],[],[],[]
TRFI_010223_K1,[0],[],[],[]
TRFI_051822,[31],[],[],[]
TRFI_082423_U2,[0],[],[],[]
TRFI_081623_C1,[0],[],[],[]
TRFI_010823_K1,[0],[],[],[]
TRFI_081823_C2,[0],[],[],[]
TRFI_010923_K1,[0],[],[],[]
TRFI_032023_C1,[0],['VEGAS'],['VRAD-TOP'],['OPERATOR']
TRFI_090123_K1,[0],[],[],[]
TRFI_090522_C1,[0],[],[],[]
TRFI_080923_L2,[0],[],[],[]
TRFI_050222_L1,[0],[],[],[]
TRFI_010323_S1,[0],[],[],[]
TRFI_040323_K2,[0],"['""VEGAS""']",['VRAD-TOP'],['OPERATOR']
TRFI_052022_k1,[0],[],[],[]
TRFI_051822_K2,[0],[],[],[]
TRFI_junk01,[0],['VEGAS'],['VRAD-LSR'],['David Frayer']
TRFI_082223_C1,[0],[],[],[]
TRFI_032123_Q2,[0],"['""VEGAS""']",['VRAD-TOP'],['OPERATOR']
TRFI_012423_U1,[0],[],[],[]
TRFI_111122_U1,[0],[],[],[]
TRFI_090223_L1,[0],[],[],[]
TRFI_112322,[81],[],[],[]
TRFI_032923_X1,[0],['VEGAS'],['VRAD-TOP'],['OPERATOR']
TRFI_081723_C1,[0],[],[],[]
TRFI_031223_S1,[0],[],[],[]
TRFI_011823_Q2,[0],[],[],[]
TRFI_040223_A1,[0],['VEGAS'],['VRAD-TOP'],['OPERATOR']
TRFI_021223_L1,[0],[],[],[]
TRFI_011923,[81],[],[],[]
TRFI_010823_W1,[0],[],[],[]
test-resync,[0],[],[],[]
TRFI_083023_K1,[0],[],[],[]
TSCAL_140722_C,[0],[],[],[]
TRFI_082323_K1,[0],[],[],[]
TRFI_090923_L3,[0],[],[],[]
TRFI_091223_A1,[0],[],[],[]
TRFI_090623_A1,[0],[],[],[]
TRFI_051822_A2,[0],[],[],[]
